{
 "alpha": 18.228980162571357,
 "beta": 0.417753878810167,
 "num_iter": 30,
 "eta": 0.01
}